{
	"name": "token-hud-wildcard",
	"title": "Token HUD Wildcard",
	"description": "This module adds a button to the Token HUD if the token has wildcard set and detects more than 1 image to choose from. Pressing the button displays a panel on the right side of the HUD with buttons for each image, pressing one of these allows to change the token image.",
	"version": "1.0.0",
	"minimumCoreVersion": "0.6.0",
	"compatibleCoreVersion": "0.6.5",
	"author": "Javieros",
	"scripts": ["main.js"],
	"styles": ["./css/token-hud-wildcard.css"],
	"url": "https://github.com/javieros105/FVTT-TokenHUDWildcard",
	"manifest": "https://raw.githubusercontent.com/javieros105/FVTT-TokenHUDWildcard/master/token-hud-wildcard/module.json",
	"download": "https://github.com/javieros105/FVTT-TokenHUDWildcard/raw/master/token-hud-wildcard.zip",
	"languages": [
		{
			"lang": "en",
			"name": "English",
			"path": "lang/en.json"
		},
		{
			"lang": "es",
			"name": "Español (Spanish)",
			"path": "lang/es.json"
		}
	]
}